obs_wl_air(nm)	obs_wl_vac(nm)	ritz_wl_air(nm)	ritz_wl_vac(nm)	Aki(s^-1)	Acc.	Ei(eV)	Ek(eV)	conf_i	term_i	J_i	conf_k	term_k	J_k	Type	Rel.
121.5023	121.5668	121.5023	121.5668	6.2649e+08	AAA	0.0000000	10.1988357	1s	2S	1/2	2p	2P*	3/2	E1	5000
102.5197	102.5722	102.5197	102.5722	1.6725e+07	AAA	0.0000000	12.0875051	1s	2S	1/2	3p	2P*	3/2	E1	1300
656.272	656.2793	656.272	656.2793	4.4101e+07	AAA	10.1988357	12.0875051	2p	2P*	3/2	3d	2D	5/2	E1	1800
486.135	486.2710	486.135	486.2710	8.4193e+06	AAA	10.1988357	12.7485393	2p	2P*	3/2	4d	2D	5/2	E1	500
434.046	434.1684	434.046	434.1684	2.5304e+06	AAA	10.1988357	13.0545226	2p	2P*	3/2	5d	2D	5/2	E1	150
410.173	410.2891	410.173	410.2891	9.7320e+05	AAA	10.1988357	13.2207168	2p	2P*	3/2	6d	2D	5/2	E1	60
1875.013	1875.6393	1875.013	1875.6393	7.7833e+06	AAA	12.0875051	12.7485393	3p	2P*	3/2	4d	2D	5/2	E1	500
1281.807	1282.2330	1281.807	1282.2330	2.2008e+06	AAA	12.0875051	13.0545226	3p	2P*	3/2	5d	2D	5/2	E1	150
